<ForceField>

  <AtomTypes>
    <Type name="000" element="Cd" class="000" mass="113.0000"/>
    <Type name="001" element="Sr" class="001" mass="87.0000"/>
    <Type name="002" element="In" class="002" mass="114.0000"/>
    <Type name="003" element="Te" class="003" mass="128.0000"/>
    <Type name="004" element="In" class="004" mass="114.0000"/>
    <Type name="005" element="Pm" class="005" mass="147.0000"/>
    <Type name="006" element="Te" class="006" mass="128.0000"/>
    <Type name="007" element="Ga" class="007" mass="71.0000"/>
    <Type name="008" element="Tc" class="008" mass="99.0000"/>
    <Type name="009" element="Pm" class="009" mass="147.0000"/>
    <Type name="00A" element="Fe" class="00A" mass="57.0000"/>
    <Type name="00B" element="Xe" class="00B" mass="131.0000"/>
    <Type name="00C" element="Ru" class="00C" mass="101.0000"/>
    <Type name="00D" element="In" class="00D" mass="114.0000"/>
    <Type name="00E" element="Sr" class="00E" mass="87.0000"/>
    <Type name="00F" element="Ga" class="00F" mass="71.0000"/>
    <Type name="00G" element="Pm" class="00G" mass="147.0000"/>
    <Type name="00H" element="Ga" class="00H" mass="71.0000"/>
    <Type name="00I" element="In" class="00I" mass="114.0000"/>
    <Type name="00J" element="Cd" class="00J" mass="113.0000"/>
    <Type name="00K" element="In" class="00K" mass="114.0000"/>
    <Type name="00L" element="Cd" class="00L" mass="113.0000"/>
    <Type name="00M" element="Re" class="00M" mass="186.0000"/>
    <Type name="00N" element="Te" class="00N" mass="128.0000"/>
    <Type name="00O" element="Te" class="00O" mass="128.0000"/>
    <Type name="00P" element="Te" class="00P" mass="128.0000"/>
    <Type name="00Q" element="In" class="00Q" mass="114.0000"/>
    <Type name="00R" element="Cd" class="00R" mass="113.0000"/>
    <Type name="00S" element="Te" class="00S" mass="128.0000"/>
    <Type name="00T" element="Te" class="00T" mass="128.0000"/>
    <Type name="00U" element="Te" class="00U" mass="128.0000"/>
    <Type name="00V" element="Te" class="00V" mass="128.0000"/>
    <Type name="00W" element="Fe" class="00W" mass="57.0000"/>
    <Type name="00X" element="Cd" class="00X" mass="113.0000"/>
    <Type name="00Y" element="Pm" class="00Y" mass="147.0000"/>
  </AtomTypes>

  <Residues>
    <Residue name="R1">
      <Atom name="000" type="000"/>
      <ExternalBond atomName="000"/>
    </Residue>
    <Residue name="R2">
      <Atom name="001" type="001"/>
      <ExternalBond atomName="001"/>
      <ExternalBond atomName="001"/>
    </Residue>
    <Residue name="R3">
      <Atom name="002" type="002"/>
      <ExternalBond atomName="002"/>
      <ExternalBond atomName="002"/>
    </Residue>
    <Residue name="R4">
      <Atom name="003" type="003"/>
      <ExternalBond atomName="003"/>
      <ExternalBond atomName="003"/>
    </Residue>
    <Residue name="R5">
      <Atom name="004" type="004"/>
      <ExternalBond atomName="004"/>
      <ExternalBond atomName="004"/>
    </Residue>
    <Residue name="R6">
      <Atom name="005" type="005"/>
      <ExternalBond atomName="005"/>
      <ExternalBond atomName="005"/>
    </Residue>
    <Residue name="R7">
      <Atom name="006" type="006"/>
      <ExternalBond atomName="006"/>
      <ExternalBond atomName="006"/>
    </Residue>
    <Residue name="R8">
      <Atom name="007" type="007"/>
      <ExternalBond atomName="007"/>
      <ExternalBond atomName="007"/>
    </Residue>
    <Residue name="R9">
      <Atom name="008" type="008"/>
      <ExternalBond atomName="008"/>
      <ExternalBond atomName="008"/>
    </Residue>
    <Residue name="R10">
      <Atom name="009" type="009"/>
      <ExternalBond atomName="009"/>
      <ExternalBond atomName="009"/>
    </Residue>
    <Residue name="R11">
      <Atom name="00A" type="00A"/>
      <ExternalBond atomName="00A"/>
      <ExternalBond atomName="00A"/>
    </Residue>
    <Residue name="R12">
      <Atom name="00B" type="00B"/>
      <ExternalBond atomName="00B"/>
      <ExternalBond atomName="00B"/>
    </Residue>
    <Residue name="R13">
      <Atom name="00C" type="00C"/>
      <ExternalBond atomName="00C"/>
      <ExternalBond atomName="00C"/>
    </Residue>
    <Residue name="R14">
      <Atom name="00D" type="00D"/>
      <ExternalBond atomName="00D"/>
      <ExternalBond atomName="00D"/>
    </Residue>
    <Residue name="R15">
      <Atom name="00E" type="00E"/>
      <ExternalBond atomName="00E"/>
      <ExternalBond atomName="00E"/>
    </Residue>
    <Residue name="R16">
      <Atom name="00F" type="00F"/>
      <ExternalBond atomName="00F"/>
      <ExternalBond atomName="00F"/>
    </Residue>
    <Residue name="R17">
      <Atom name="00G" type="00G"/>
      <ExternalBond atomName="00G"/>
      <ExternalBond atomName="00G"/>
    </Residue>
    <Residue name="R18">
      <Atom name="00H" type="00H"/>
      <ExternalBond atomName="00H"/>
      <ExternalBond atomName="00H"/>
    </Residue>
    <Residue name="R19">
      <Atom name="00I" type="00I"/>
      <ExternalBond atomName="00I"/>
      <ExternalBond atomName="00I"/>
    </Residue>
    <Residue name="R20">
      <Atom name="00J" type="00J"/>
      <ExternalBond atomName="00J"/>
      <ExternalBond atomName="00J"/>
    </Residue>
    <Residue name="R21">
      <Atom name="00K" type="00K"/>
      <ExternalBond atomName="00K"/>
      <ExternalBond atomName="00K"/>
    </Residue>
    <Residue name="R22">
      <Atom name="00L" type="00L"/>
      <ExternalBond atomName="00L"/>
      <ExternalBond atomName="00L"/>
    </Residue>
    <Residue name="R23">
      <Atom name="00M" type="00M"/>
      <ExternalBond atomName="00M"/>
      <ExternalBond atomName="00M"/>
    </Residue>
    <Residue name="R24">
      <Atom name="00N" type="00N"/>
      <ExternalBond atomName="00N"/>
      <ExternalBond atomName="00N"/>
    </Residue>
    <Residue name="R25">
      <Atom name="00O" type="00O"/>
      <ExternalBond atomName="00O"/>
      <ExternalBond atomName="00O"/>
    </Residue>
    <Residue name="R26">
      <Atom name="00P" type="00P"/>
      <ExternalBond atomName="00P"/>
      <ExternalBond atomName="00P"/>
    </Residue>
    <Residue name="R27">
      <Atom name="00Q" type="00Q"/>
      <ExternalBond atomName="00Q"/>
      <ExternalBond atomName="00Q"/>
    </Residue>
    <Residue name="R28">
      <Atom name="00R" type="00R"/>
      <ExternalBond atomName="00R"/>
      <ExternalBond atomName="00R"/>
    </Residue>
    <Residue name="R29">
      <Atom name="00S" type="00S"/>
      <ExternalBond atomName="00S"/>
      <ExternalBond atomName="00S"/>
    </Residue>
    <Residue name="R30">
      <Atom name="00T" type="00T"/>
      <ExternalBond atomName="00T"/>
      <ExternalBond atomName="00T"/>
    </Residue>
    <Residue name="R31">
      <Atom name="00U" type="00U"/>
      <ExternalBond atomName="00U"/>
      <ExternalBond atomName="00U"/>
    </Residue>
    <Residue name="R32">
      <Atom name="00V" type="00V"/>
      <ExternalBond atomName="00V"/>
      <ExternalBond atomName="00V"/>
    </Residue>
    <Residue name="R33">
      <Atom name="00W" type="00W"/>
      <ExternalBond atomName="00W"/>
      <ExternalBond atomName="00W"/>
    </Residue>
    <Residue name="R34">
      <Atom name="00X" type="00X"/>
      <ExternalBond atomName="00X"/>
      <ExternalBond atomName="00X"/>
    </Residue>
    <Residue name="R35">
      <Atom name="00Y" type="00Y"/>
      <ExternalBond atomName="00Y"/>
    </Residue>
  </Residues>

  <HarmonicBondForce>
    <Bond type1="000" type2="001" length="0.380740133" k="100.000000000"/>
    <Bond type1="001" type2="002" length="0.376537511" k="100.000000000"/>
    <Bond type1="002" type2="003" length="0.378505940" k="100.000000000"/>
    <Bond type1="003" type2="004" length="0.379067631" k="100.000000000"/>
    <Bond type1="004" type2="005" length="0.379102876" k="100.000000000"/>
    <Bond type1="005" type2="006" length="0.376663655" k="100.000000000"/>
    <Bond type1="006" type2="007" length="0.381303231" k="100.000000000"/>
    <Bond type1="007" type2="008" length="0.383332663" k="100.000000000"/>
    <Bond type1="008" type2="009" length="0.379897832" k="100.000000000"/>
    <Bond type1="009" type2="00A" length="0.380172064" k="100.000000000"/>
    <Bond type1="00A" type2="00B" length="0.378228854" k="100.000000000"/>
    <Bond type1="00B" type2="00C" length="0.376985212" k="100.000000000"/>
    <Bond type1="00C" type2="00D" length="0.379789655" k="100.000000000"/>
    <Bond type1="00D" type2="00E" length="0.375122672" k="100.000000000"/>
    <Bond type1="00E" type2="00F" length="0.379772041" k="100.000000000"/>
    <Bond type1="00F" type2="00G" length="0.377945595" k="100.000000000"/>
    <Bond type1="00G" type2="00H" length="0.376566453" k="100.000000000"/>
    <Bond type1="00H" type2="00I" length="0.383771250" k="100.000000000"/>
    <Bond type1="00I" type2="00J" length="0.378937849" k="100.000000000"/>
    <Bond type1="00J" type2="00K" length="0.384647213" k="100.000000000"/>
    <Bond type1="00K" type2="00L" length="0.376118336" k="100.000000000"/>
    <Bond type1="00L" type2="00M" length="0.379885284" k="100.000000000"/>
    <Bond type1="00M" type2="00N" length="0.380477715" k="100.000000000"/>
    <Bond type1="00N" type2="00O" length="0.380356725" k="100.000000000"/>
    <Bond type1="00O" type2="00P" length="0.381307566" k="100.000000000"/>
    <Bond type1="00P" type2="00Q" length="0.380854212" k="100.000000000"/>
    <Bond type1="00Q" type2="00R" length="0.377082561" k="100.000000000"/>
    <Bond type1="00R" type2="00S" length="0.376740684" k="100.000000000"/>
    <Bond type1="00S" type2="00T" length="0.382466776" k="100.000000000"/>
    <Bond type1="00T" type2="00U" length="0.379718226" k="100.000000000"/>
    <Bond type1="00U" type2="00V" length="0.383078895" k="100.000000000"/>
    <Bond type1="00V" type2="00W" length="0.382328616" k="100.000000000"/>
    <Bond type1="00W" type2="00X" length="0.385128889" k="100.000000000"/>
    <Bond type1="00X" type2="00Y" length="0.382174923" k="100.000000000"/>
  </HarmonicBondForce>

  <CustomAngleForce energy="(-1.0/gamma)*log((exp(-gamma*(k_a*((theta-theta_a)^2.)+eta_a))+exp(-gamma*k_b*((theta-theta_b)^2.))))">
    <GlobalParameter name="gamma" defaultValue="0.02390057361376673"/>
    <GlobalParameter name="theta_a" defaultValue="1.6004669240788003"/>
    <GlobalParameter name="theta_b" defaultValue="2.2689280275926285"/>
    <GlobalParameter name="eta_a" defaultValue="17.9912"/>
    <GlobalParameter name="k_a" defaultValue="445.17760000000004"/>
    <GlobalParameter name="k_b" defaultValue="110.03920000000001"/>
    <Angle type1="000" type2="001" type3="002"/>
    <Angle type1="001" type2="002" type3="003"/>
    <Angle type1="002" type2="003" type3="004"/>
    <Angle type1="003" type2="004" type3="005"/>
    <Angle type1="004" type2="005" type3="006"/>
    <Angle type1="005" type2="006" type3="007"/>
    <Angle type1="006" type2="007" type3="008"/>
    <Angle type1="007" type2="008" type3="009"/>
    <Angle type1="008" type2="009" type3="00A"/>
    <Angle type1="009" type2="00A" type3="00B"/>
    <Angle type1="00A" type2="00B" type3="00C"/>
    <Angle type1="00B" type2="00C" type3="00D"/>
    <Angle type1="00C" type2="00D" type3="00E"/>
    <Angle type1="00D" type2="00E" type3="00F"/>
    <Angle type1="00E" type2="00F" type3="00G"/>
    <Angle type1="00F" type2="00G" type3="00H"/>
    <Angle type1="00G" type2="00H" type3="00I"/>
    <Angle type1="00H" type2="00I" type3="00J"/>
    <Angle type1="00I" type2="00J" type3="00K"/>
    <Angle type1="00J" type2="00K" type3="00L"/>
    <Angle type1="00K" type2="00L" type3="00M"/>
    <Angle type1="00L" type2="00M" type3="00N"/>
    <Angle type1="00M" type2="00N" type3="00O"/>
    <Angle type1="00N" type2="00O" type3="00P"/>
    <Angle type1="00O" type2="00P" type3="00Q"/>
    <Angle type1="00P" type2="00Q" type3="00R"/>
    <Angle type1="00Q" type2="00R" type3="00S"/>
    <Angle type1="00R" type2="00S" type3="00T"/>
    <Angle type1="00S" type2="00T" type3="00U"/>
    <Angle type1="00T" type2="00U" type3="00V"/>
    <Angle type1="00U" type2="00V" type3="00W"/>
    <Angle type1="00V" type2="00W" type3="00X"/>
    <Angle type1="00W" type2="00X" type3="00Y"/>
  </CustomAngleForce>

  <PeriodicTorsionForce>
    <Proper type1="000" type2="001" type3="002" type4="003" periodicity1="1" periodicity2="2" periodicity3="3" periodicity4="4" phase1="5.555683852" phase2="4.870109638" phase3="2.678532997" phase4="2.414291195" k1="1.637475679" k2="3.801544911" k3="0.226468757" k4="0.668635902"/>
    <Proper type1="001" type2="002" type3="003" type4="004" periodicity1="1" periodicity2="2" periodicity3="3" periodicity4="4" phase1="5.406629452" phase2="4.834022582" phase3="5.815997545" phase4="2.735440644" k1="2.874837680" k2="2.938593204" k3="0.738265310" k4="0.248392231"/>
    <Proper type1="002" type2="003" type3="004" type4="005" periodicity1="1" periodicity2="2" periodicity3="3" periodicity4="4" phase1="4.959106263" phase2="4.523119403" phase3="1.680009554" phase4="1.681909572" k1="2.364366467" k2="4.275124842" k3="0.612408565" k4="0.765142205"/>
    <Proper type1="003" type2="004" type3="005" type4="006" periodicity1="1" periodicity2="2" periodicity3="3" periodicity4="4" phase1="5.201953417" phase2="4.534393741" phase3="4.752650166" phase4="2.864668452" k1="2.810421067" k2="2.727895684" k3="0.491049754" k4="0.445814204"/>
    <Proper type1="004" type2="005" type3="006" type4="007" periodicity1="1" periodicity2="2" periodicity3="3" periodicity4="4" phase1="5.554123806" phase2="4.620002245" phase3="3.793371865" phase4="2.384610335" k1="2.599695079" k2="4.164163154" k3="0.612307346" k4="0.378759562"/>
    <Proper type1="005" type2="006" type3="007" type4="008" periodicity1="1" periodicity2="2" periodicity3="3" periodicity4="4" phase1="5.300756331" phase2="4.660031442" phase3="2.622968381" phase4="1.814633484" k1="2.637636511" k2="4.123232588" k3="0.630615392" k4="1.010440920"/>
    <Proper type1="006" type2="007" type3="008" type4="009" periodicity1="1" periodicity2="2" periodicity3="3" periodicity4="4" phase1="5.190173073" phase2="4.649577129" phase3="4.491372439" phase4="3.132932400" k1="2.617063683" k2="5.612137272" k3="0.888867018" k4="0.424197551"/>
    <Proper type1="007" type2="008" type3="009" type4="00A" periodicity1="1" periodicity2="2" periodicity3="3" periodicity4="4" phase1="5.558793941" phase2="4.252215400" phase3="3.816322561" phase4="1.980838396" k1="2.740399434" k2="5.171640246" k3="0.521991238" k4="1.048217871"/>
    <Proper type1="008" type2="009" type3="00A" type4="00B" periodicity1="1" periodicity2="2" periodicity3="3" periodicity4="4" phase1="2.634341696" phase2="4.284090348" phase3="2.092849701" phase4="0.110807254" k1="0.267816853" k2="2.500905014" k3="0.324610385" k4="0.321251168"/>
    <Proper type1="009" type2="00A" type3="00B" type4="00C" periodicity1="1" periodicity2="2" periodicity3="3" periodicity4="4" phase1="4.429710638" phase2="0.379591205" phase3="3.863273925" phase4="0.229222747" k1="0.651909408" k2="1.813208248" k3="0.485574421" k4="0.708794671"/>
    <Proper type1="00A" type2="00B" type3="00C" type4="00D" periodicity1="1" periodicity2="2" periodicity3="3" periodicity4="4" phase1="5.285805893" phase2="4.433216760" phase3="4.132921901" phase4="2.748901042" k1="3.305348787" k2="4.890123990" k3="0.769317502" k4="0.577857980"/>
    <Proper type1="00B" type2="00C" type3="00D" type4="00E" periodicity1="1" periodicity2="2" periodicity3="3" periodicity4="4" phase1="5.678537473" phase2="4.758692356" phase3="2.401891835" phase4="2.750057078" k1="2.200966841" k2="4.488444576" k3="0.269749509" k4="0.593300254"/>
    <Proper type1="00C" type2="00D" type3="00E" type4="00F" periodicity1="1" periodicity2="2" periodicity3="3" periodicity4="4" phase1="4.987567102" phase2="4.518709270" phase3="3.290017041" phase4="2.027279792" k1="2.042666138" k2="3.551280123" k3="0.348105921" k4="0.763940226"/>
    <Proper type1="00D" type2="00E" type3="00F" type4="00G" periodicity1="1" periodicity2="2" periodicity3="3" periodicity4="4" phase1="5.608365411" phase2="4.979292863" phase3="3.281706796" phase4="2.384050294" k1="1.935430586" k2="3.926898723" k3="0.281079748" k4="0.814432855"/>
    <Proper type1="00E" type2="00F" type3="00G" type4="00H" periodicity1="1" periodicity2="2" periodicity3="3" periodicity4="4" phase1="4.993137268" phase2="4.511253049" phase3="3.785541655" phase4="2.301687858" k1="2.180099844" k2="4.895789109" k3="0.618421626" k4="0.986948547"/>
    <Proper type1="00F" type2="00G" type3="00H" type4="00I" periodicity1="1" periodicity2="2" periodicity3="3" periodicity4="4" phase1="5.590674876" phase2="4.714795056" phase3="3.422800958" phase4="1.884395551" k1="2.617965167" k2="3.923795718" k3="0.676809363" k4="0.840373471"/>
    <Proper type1="00G" type2="00H" type3="00I" type4="00J" periodicity1="1" periodicity2="2" periodicity3="3" periodicity4="4" phase1="4.885064072" phase2="4.436982866" phase3="1.578456577" phase4="1.940957274" k1="1.443852594" k2="4.321556046" k3="0.180685990" k4="0.616789464"/>
    <Proper type1="00H" type2="00I" type3="00J" type4="00K" periodicity1="1" periodicity2="2" periodicity3="3" periodicity4="4" phase1="5.594745001" phase2="5.006277643" phase3="5.045607817" phase4="3.179393762" k1="3.976401300" k2="2.790015883" k3="0.905153841" k4="0.123879805"/>
    <Proper type1="00I" type2="00J" type3="00K" type4="00L" periodicity1="1" periodicity2="2" periodicity3="3" periodicity4="4" phase1="5.913404406" phase2="5.536623303" phase3="5.578105520" phase4="5.193313129" k1="7.515500310" k2="9.467866155" k3="2.957726820" k4="1.986454617"/>
    <Proper type1="00J" type2="00K" type3="00L" type4="00M" periodicity1="1" periodicity2="2" periodicity3="3" periodicity4="4" phase1="5.804011182" phase2="5.000541479" phase3="4.401362825" phase4="3.226955171" k1="3.464611073" k2="6.280023518" k3="0.846857834" k4="0.392098372"/>
    <Proper type1="00K" type2="00L" type3="00M" type4="00N" periodicity1="1" periodicity2="2" periodicity3="3" periodicity4="4" phase1="5.260405139" phase2="4.517829240" phase3="2.942429764" phase4="2.004839117" k1="3.155803556" k2="4.929732378" k3="1.001081296" k4="1.448322060"/>
    <Proper type1="00L" type2="00M" type3="00N" type4="00O" periodicity1="1" periodicity2="2" periodicity3="3" periodicity4="4" phase1="5.485471786" phase2="4.668767687" phase3="4.372058939" phase4="2.695095473" k1="2.131002143" k2="4.627716045" k3="0.262028372" k4="0.532242858"/>
    <Proper type1="00M" type2="00N" type3="00O" type4="00P" periodicity1="1" periodicity2="2" periodicity3="3" periodicity4="4" phase1="5.296706207" phase2="4.610515962" phase3="2.527838546" phase4="1.829633961" k1="2.742907775" k2="4.559364531" k3="0.459880527" k4="0.748687738"/>
    <Proper type1="00N" type2="00O" type3="00P" type4="00Q" periodicity1="1" periodicity2="2" periodicity3="3" periodicity4="4" phase1="5.225234102" phase2="4.641190892" phase3="3.617416706" phase4="1.904796146" k1="2.612410757" k2="4.583147910" k3="0.139106988" k4="0.697243015"/>
    <Proper type1="00O" type2="00P" type3="00Q" type4="00R" periodicity1="1" periodicity2="2" periodicity3="3" periodicity4="4" phase1="5.066919439" phase2="4.414132178" phase3="3.394660142" phase4="2.317848350" k1="2.427777213" k2="4.131393396" k3="0.447031999" k4="0.809530044"/>
    <Proper type1="00P" type2="00Q" type3="00R" type4="00S" periodicity1="1" periodicity2="2" periodicity3="3" periodicity4="4" phase1="5.559673971" phase2="4.868861588" phase3="4.772656770" phase4="1.359420060" k1="3.275299299" k2="3.727117074" k3="0.600635492" k4="0.248651605"/>
    <Proper type1="00Q" type2="00R" type3="00S" type4="00T" periodicity1="1" periodicity2="2" periodicity3="3" periodicity4="4" phase1="5.266055311" phase2="4.488814398" phase3="2.946647928" phase4="2.126522704" k1="2.704260971" k2="4.865581466" k3="0.144243869" k4="0.519720129"/>
    <Proper type1="00R" type2="00S" type3="00T" type4="00U" periodicity1="1" periodicity2="2" periodicity3="3" periodicity4="4" phase1="5.284825856" phase2="4.583667178" phase3="2.655072316" phase4="2.017919522" k1="2.559302241" k2="4.324848837" k3="0.172367026" k4="0.422343972"/>
    <Proper type1="00S" type2="00T" type3="00U" type4="00V" periodicity1="1" periodicity2="2" periodicity3="3" periodicity4="4" phase1="5.351787839" phase2="4.676079919" phase3="2.394901634" phase4="1.680189585" k1="2.923397653" k2="4.722356117" k3="0.301908787" k4="0.649533917"/>
    <Proper type1="00T" type2="00U" type3="00V" type4="00W" periodicity1="1" periodicity2="2" periodicity3="3" periodicity4="4" phase1="5.035538507" phase2="4.553486281" phase3="1.284797879" phase4="2.121362534" k1="2.649229287" k2="4.736115619" k3="0.156836186" k4="0.422736197"/>
    <Proper type1="00U" type2="00V" type3="00W" type4="00X" periodicity1="1" periodicity2="2" periodicity3="3" periodicity4="4" phase1="2.590556395" phase2="4.324061530" phase3="1.723200798" phase4="0.365734792" k1="0.295645842" k2="2.688828186" k3="0.551297396" k4="0.320346521"/>
    <Proper type1="00V" type2="00W" type3="00X" type4="00Y" periodicity1="1" periodicity2="2" periodicity3="3" periodicity4="4" phase1="4.496022607" phase2="0.514675186" phase3="4.045499336" phase4="0.386575419" k1="0.645871043" k2="1.885665471" k3="0.500219593" k4="0.770380305"/>
  </PeriodicTorsionForce>

  <CustomNonbondedForce energy="(k_elec*((q1*q2)/(eps_r*r))*exp(-r/l_d)) + (a/r^12+b/r^10+c/r^6); a=acoef(index1, index2); b=bcoef(index1, index2); c=ccoef(index1, index2)" bondCutoff="2">
    <GlobalParameter name="k_elec" defaultValue="11.787089759563214"/>
    <GlobalParameter name="eps_r" defaultValue="8.860022573334675"/>
    <GlobalParameter name="l_d" defaultValue="1.000000000"/>
    <PerParticleParameter name="q"/>
    <PerParticleParameter name="index"/>
    <Function name="acoef" type="Discrete2D" xsize="35" ysize="35">0.001695310699470 0.002908435020262 0.001044164285305 0.001695310699470 0.035237347162614 0.038884940874483 0.000150501280362 0.000239362331289 65.723965849750883 0.000211965461348 0.000239362331289 0.001267164813639 0.000150501280362 117.600071591280397 0.001948079561140 0.005610325960352 0.003443664757708 0.001717622421955 0.002342644720200 0.000506362608665 0.001717622421955 0.001732780409631 0.002360501193063 0.000506362608665 0.002834704043542 0.001207983095919 0.002928574525751 0.002698553959690 0.000489842277646 0.000461863326201 0.001241473762488 0.003011498279352 0.000489842277646 79.795038238670003 0.000461863326201 0.002908435020262 0.004875039563011 0.001830700472176 0.002908435020262 0.029314626983084 0.174616082134156 0.000290371884454 0.000450738931417 0.003898047201208 0.000401660937168 0.000450738931417 0.002202258116376 0.000290371884454 22.326154879703893 0.003321824824808 0.009153687713497 0.005731518582708 0.002945019283775 0.003962942488477 0.000918541774526 0.002945019283775 0.002969862721267 0.003991850366855 0.000918541774526 0.004756601823858 0.002103937293191 0.004907370361221 0.004537581009370 0.000890003931798 0.000841573368000 0.002159600451807 0.005040401674531 0.000890003931798 0.002159600451807 0.000841573368000 0.001044164285305 0.001830700472176 0.000630127623979 0.001044164285305 0.001696537528934 0.005328778833379 0.211122885002087 0.000135013001844 0.001435958354649 0.000118847769064 0.000135013001844 0.000771038620326 0.000082948495465 2.347286399178968 0.001206698743087 0.003621220217484 0.002181941534343 0.001058476278838 0.001461956112796 0.000295921297365 0.001058476278838 0.001068203473647 0.001473547850936 0.000295921297365 0.001782487808510 0.000733540401883 0.001843877404412 0.001693579297296 0.000285831720716 0.000268776865114 0.000754751931048 0.001898167139324 0.000285831720716 0.000754751931048 0.000268776865114 0.001695310699470 0.002908435020262 0.001044164285305 0.001695310699470 0.002703087986173 0.001503523534026 0.009328587315178 0.253853398906188 0.002302578264490 0.000211965461348 0.000239362331289 0.001267164813639 0.000150501280362 0.000941697653078 0.001948079561140 0.005610325960352 0.003443664757708 0.001717622421955 0.002342644720200 0.000506362608665 0.001717622421955 0.001732780409631 0.002360501193063 0.000506362608665 0.002834704043542 0.001207983095919 0.002928574525751 0.002698553959690 0.000489842277646 0.000461863326201 0.001241473762488 0.003011498279352 0.000489842277646 0.001241473762488 0.000461863326201 0.035237347162614 0.029314626983084 0.001696537528934 0.002703087986173 0.004235336970621 0.002408345770965 0.000265704436495 0.004765726682585 0.167131898601898 0.000368413913552 0.000413772410763 0.002043247916986 0.000265704436495 0.001536355313089 0.003089789072508 0.008564511234365 0.005348393175223 0.002737298556985 0.003690033713074 0.000847389698720 0.002737298556985 0.002760531440373 0.003717111907729 0.000847389698720 0.004433825076504 0.001951466655429 0.004575199974242 0.004228493572677 0.000820887541908 0.000775923819486 0.002003424560790 0.004699962164478 0.000820887541908 0.002003424560790 0.000775923819486 0.038884940874483 0.174616082134156 0.005328778833379 0.001503523534026 0.002408345770965 0.001331816078403 0.000129918406112 0.000207789285813 0.007297732052170 0.355847969504504 0.000207789285813 0.871883904892738 0.235354521533614 0.901875870551949 0.001730099023450 0.005032923972303 94.536877218488470 0.001523511341877 0.002084301653663 0.000443371896938 0.001523511341877 0.001537091889885 0.002100344944192 0.000443371896938 0.002526769320427 0.001067629401913 0.002611260522691 0.002404267107007 56.130980112220399 0.000403992765227 0.001097538961559 0.002685918627299 0.000428748108006 0.001097538961559 0.000403992765227 0.000150501280362 0.000290371884454 0.211122885002087 0.009328587315178 0.000265704436495 0.000129918406112 0.000007219557589 0.000013081217590 0.000218664833644 0.000011201962527 0.012363924258929 0.003881948614812 0.000007219557589 0.000073005215401 0.000178360588762 0.000640814396894 0.000356216887757 0.000152928167155 0.000223302448115 0.000033713830907 0.000152928167155 0.000154580620031 0.000225374391569 0.000033713830907 0.000281474560338 0.000099280198653 0.000292809847637 0.000265163798524 0.000032340561660 0.000030039476633 0.000102679769289 0.000302882137101 0.000032340561660 0.000102679769289 0.000030039476633 0.000239362331289 0.000450738931417 0.000135013001844 0.253853398906188 0.004765726682585 0.000207789285813 0.000013081217590 0.000023046281243 0.000342951132247 0.000019877917199 0.000023046281243 0.000169791350721 0.000013081217590 0.000119436872698 0.000281861567938 0.000967651179637 0.000548930623869 0.000243074700177 0.000349954484186 0.000056951313545 0.000243074700177 0.000245601257629 0.000353081776625 0.000056951313545 0.000437417906468 0.000160452585723 0.000454386668195 0.000412960975776 0.000054728881164 0.000050996496638 0.000165728168676 0.000469446551127 0.000054728881164 0.000165728168676 0.000050996496638 65.723965849750883 0.003898047201208 0.001435958354649 0.002302578264490 0.167131898601898 0.007297732052170 0.000218664833644 0.000342951132247 0.003103639756849 0.000304794941344 0.000342951132247 0.001733886566578 0.000218664833644 0.001298568267307 0.002636694918573 0.007404185126335 0.004596761474828 0.002332114292606 0.003156307961379 0.000710095224706 0.002332114292606 0.002352175224581 0.003179774124250 0.000710095224706 0.003801584031078 0.001654951473018 0.003924386511916 0.003623309837095 0.000687562256210 0.000649355567342 0.001699631457672 3.092380548212331 0.000687562256210 127.729752101902662 0.000649355567342 0.000211965461348 0.000401660937168 0.000118847769064 0.000211965461348 0.000368413913552 0.355847969504504 0.000011201962527 0.000019877917199 0.000304794941344 0.000017113522134 0.000019877917199 0.000149825000559 0.000011201962527 0.000104998267428 0.000250013156152 0.000868471161127 10.106743284553922 0.000215286629776 0.000311081167915 0.000049655212558 0.000215286629776 0.000217547215578 0.000313888602356 0.000049655212558 0.000389677348585 0.000141500298451 0.000404942990590 1.228494893479047 5.972664432948901 0.000044406625437 0.000146202468343 5.323763958054778 0.000047695642932 265.604298822060400 0.000044406625437 0.000239362331289 0.000450738931417 0.000135013001844 0.000239362331289 0.000413772410763 0.000207789285813 0.012363924258929 0.000023046281243 0.000342951132247 0.000019877917199 0.000023046281243 0.000169791350721 0.000013081217590 0.000119436872698 0.000281861567938 0.000967651179637 0.000548930623869 0.000243074700177 0.000349954484186 0.000056951313545 0.000243074700177 0.000245601257629 0.000353081776625 0.000056951313545 0.000437417906468 0.000160452585723 0.000454386668195 0.000412960975776 0.000054728881164 0.000050996496638 0.000165728168676 0.000469446551127 0.000054728881164 0.000165728168676 0.000050996496638 0.001267164813639 0.002202258116376 0.000771038620326 0.001267164813639 0.002043247916986 0.871883904892738 0.003881948614812 0.000169791350721 0.001733886566578 0.000149825000559 0.000169791350721 0.000940316450924 0.000105300833668 0.000693530777035 0.001461045449314 0.229036830853481 0.899015119100407 0.001284253772524 0.001764784944980 396.704096466639442 0.001284253772524 0.001295866405953 0.001778559208874 0.000366835402718 0.002145135860168 0.000895319089867 0.002217866424317 0.002039739870723 0.000354546437783 0.000333757615198 0.000920776788386 0.002282157232996 0.000354546437783 0.000920776788386 0.000333757615198 0.000150501280362 0.000290371884454 0.000082948495465 0.000150501280362 0.000265704436495 0.235354521533614 0.000007219557589 0.000013081217590 0.000218664833644 0.000011201962527 0.000013081217590 0.000105300833668 0.000007219557589 0.000073005215401 0.000178360588762 0.047669758049309 0.212013682552692 0.000152928167155 0.000223302448115 0.000033713830907 0.000152928167155 0.000154580620031 0.000225374391569 0.000033713830907 0.000281474560338 0.000099280198653 0.000292809847637 0.000265163798524 0.000032340561660 0.000030039476633 0.000102679769289 0.000302882137101 0.000032340561660 0.000102679769289 0.000030039476633 117.600071591280397 22.326154879703893 2.347286399178968 0.000941697653078 0.001536355313089 0.901875870551949 0.000073005215401 0.000119436872698 0.001298568267307 0.000104998267428 0.000119436872698 0.000693530777035 0.000073005215401 0.000507476618461 0.001089635784679 0.003299367476259 0.005245270807562 0.140888033069183 0.001322278113072 0.000263830622431 0.000954717454677 0.000963567203507 0.001332850780090 0.000263830622431 0.001614851218988 0.000659509778829 0.001670934213199 0.001533654174870 0.000254750114786 0.000239407431607 0.000678752661922 0.001720542841028 0.000254750114786 0.000678752661922 0.000239407431607 0.001948079561140 0.003321824824808 0.001206698743087 0.001948079561140 0.003089789072508 0.001730099023450 0.000178360588762 0.000281861567938 0.002636694918573 0.000250013156152 0.000281861567938 0.001461045449314 0.000178360588762 0.001089635784679 0.002234976922465 0.006362773664972 0.003925869280871 0.025697595362581 0.291906007297842 0.000590435729674 0.001973420965680 0.001990635255450 0.002702269644883 0.000590435729674 0.003238530835781 0.001393596191088 0.003344572721154 0.003084663795408 0.000571413821177 0.000539180915074 0.001431769708562 0.003438219936984 0.000571413821177 0.001431769708562 0.000539180915074 0.005610325960352 0.009153687713497 0.003621220217484 0.005610325960352 0.008564511234365 0.005032923972303 0.000640814396894 0.000967651179637 0.007404185126335 0.000868471161127 0.000967651179637 0.229036830853481 0.047669758049309 0.003299367476259 0.006362773664972 0.016655674272758 0.010673707489703 0.005677116178341 0.051524609574824 0.601910793130860 0.005677116178341 0.005722448600350 0.007572988559776 0.001889488282948 0.008942554712723 0.004130001922334 0.009211280159141 0.008551460943278 0.001834162500370 0.001740051309197 0.004233228237485 0.009448069747697 0.001834162500370 0.004233228237485 0.001740051309197 0.003443664757708 0.005731518582708 0.002181941534343 0.003443664757708 0.005348393175223 94.536877218488470 0.000356216887757 0.000548930623869 0.004596761474828 10.106743284553922 0.000548930623869 0.899015119100407 0.212013682552692 0.005245270807562 0.003925869280871 0.010673707489703 0.006723970470895 0.003486372589013 0.004672236977079 0.155303821508463 0.003486372589013 0.003515370507774 0.004705852870051 0.001106112225883 1.105877402567250 0.002502570790723 0.005769018707595 69.050594964678339 85.137957895131819 0.001014795113127 0.002567818771845 0.005923288541322 0.001072267382530 0.002567818771845 0.001014795113127 0.001717622421955 0.002945019283775 0.001058476278838 0.001717622421955 0.002737298556985 0.001523511341877 0.000152928167155 0.000243074700177 0.002332114292606 0.000215286629776 0.000243074700177 0.001284253772524 0.000152928167155 0.140888033069183 0.025697595362581 0.005677116178341 0.003486372589013 0.001740203020946 0.002372651274995 0.000513737471962 0.001740203020946 0.001755543509024 0.002390717230353 0.000513737471962 0.498494280472441 0.001224339395129 0.002965390818592 0.002732711953221 0.000496996411166 0.000468642191881 0.001258245030753 0.003049268548274 0.000496996411166 0.001258245030753 0.000468642191881 0.002342644720200 0.003962942488477 0.001461956112796 0.002342644720200 0.003690033713074 0.002084301653663 0.000223302448115 0.000349954484186 0.003156307961379 0.000311081167915 0.000349954484186 0.001764784944980 0.000223302448115 0.001322278113072 0.291906007297842 0.051524609574824 0.004672236977079 0.002372651274995 0.003209794299780 0.000723735165723 0.002372651274995 0.002393031504173 0.003233624609862 0.000723735165723 0.003865006686434 0.001684558872674 0.003989683367566 0.003684002584619 0.000700805220046 0.000661922897901 0.001729970215269 0.004099743239433 0.000700805220046 0.001729970215269 0.000661922897901 0.000506362608665 0.000918541774526 0.000295921297365 0.000506362608665 0.000847389698720 0.000443371896938 0.000033713830907 0.000056951313545 0.000710095224706 0.000049655212558 0.000056951313545 396.704096466639442 0.000033713830907 0.000263830622431 0.000590435729674 0.601910793130860 0.155303821508463 0.000513737471962 0.000723735165723 0.000132084124879 0.000513737471962 0.000518753068487 0.000729821209759 0.000132084124879 0.232599310829696 0.000347883175163 0.000925545680914 127.944022224194526 0.000127272814340 0.000119164923840 0.000358597036144 0.000954430584966 0.000127272814340 0.000358597036144 0.000119164923840 0.001717622421955 0.002945019283775 0.001058476278838 0.001717622421955 0.002737298556985 0.001523511341877 0.000152928167155 0.000243074700177 0.002332114292606 0.000215286629776 0.000243074700177 0.001284253772524 0.000152928167155 0.000954717454677 0.001973420965680 0.005677116178341 0.003486372589013 0.001740203020946 0.002372651274995 0.000513737471962 0.001740203020946 0.001755543509024 0.002390717230353 0.044306211600950 0.258132761117574 0.001224339395129 0.002965390818592 0.002732711953221 0.000496996411166 0.000468642191881 0.001258245030753 0.003049268548274 0.000496996411166 0.001258245030753 0.000468642191881 0.001732780409631 0.002969862721267 0.001068203473647 0.001732780409631 0.002760531440373 0.001537091889885 0.000154580620031 0.000245601257629 0.002352175224581 0.000217547215578 0.000245601257629 0.001295866405953 0.000154580620031 0.000963567203507 0.001990635255450 0.005722448600350 0.003515370507774 0.001755543509024 0.002393031504173 0.000518753068487 0.001755543509024 0.001771007868549 0.002411239612069 0.000518753068487 0.020895661441563 0.252678922218672 0.002990391683803 0.002755909161862 0.000501862039751 0.000473252846655 0.001269641980179 0.003074916660892 0.000501862039751 0.001269641980179 0.000473252846655 0.002360501193063 0.003991850366855 0.001473547850936 0.002360501193063 0.003717111907729 0.002100344944192 0.000225374391569 0.000353081776625 0.003179774124250 0.000313888602356 0.000353081776625 0.001778559208874 0.000225374391569 0.001332850780090 0.002702269644883 0.007572988559776 0.004705852870051 0.002390717230353 0.003233624609862 0.000729821209759 0.002390717230353 0.002411239612069 0.003257616998364 0.000729821209759 0.003893259216671 0.005972298218351 0.439007842771405 0.003711040219399 0.000706714334777 0.000667530875942 0.001743495266114 0.004129564278860 0.000706714334777 0.001743495266114 0.000667530875942 0.000506362608665 0.000918541774526 0.000295921297365 0.000506362608665 0.000847389698720 0.000443371896938 0.000033713830907 0.000056951313545 0.000710095224706 0.000049655212558 0.000056951313545 0.000366835402718 0.000033713830907 0.000263830622431 0.000590435729674 0.001889488282948 0.001106112225883 0.000513737471962 0.000723735165723 0.000132084124879 0.044306211600950 0.000518753068487 0.000729821209759 0.000132084124879 0.000892938852103 0.000347883175163 0.003517196290224 0.206638069552644 0.000127272814340 0.000119164923840 0.000358597036144 0.000954430584966 0.000127272814340 0.000358597036144 0.000119164923840 0.002834704043542 0.004756601823858 0.001782487808510 0.002834704043542 0.004433825076504 0.002526769320427 0.000281474560338 0.000437417906468 0.003801584031078 0.000389677348585 0.000437417906468 0.002145135860168 0.000281474560338 0.001614851218988 0.003238530835781 0.008942554712723 1.105877402567250 0.498494280472441 0.003865006686434 0.232599310829696 0.258132761117574 0.020895661441563 0.003893259216671 0.000892938852103 0.004640807075159 0.002049159692911 0.004788212071239 0.027454213644627 0.178673193601578 0.000817946354436 0.002103494369886 0.004918282628083 0.000865131970055 0.002103494369886 0.000817946354436 0.001207983095919 0.002103937293191 0.000733540401883 0.001207983095919 0.001951466655429 0.001067629401913 0.000099280198653 0.000160452585723 0.001654951473018 0.000141500298451 0.000160452585723 0.000895319089867 0.000099280198653 0.000659509778829 0.001393596191088 0.004130001922334 0.002502570790723 0.001224339395129 0.001684558872674 0.000347883175163 0.001224339395129 0.252678922218672 0.005972298218351 0.000347883175163 0.002049159692911 0.000852303503921 0.002118905808144 0.001948103341565 0.009686721227768 0.374439402956769 0.000876639020420 0.002180565151437 0.000336178283446 0.000876639020420 0.000316381313519 0.002928574525751 0.004907370361221 0.001843877404412 0.002928574525751 0.004575199974242 0.002611260522691 0.000292809847637 0.000454386668195 0.003924386511916 0.000404942990590 0.000454386668195 0.002217866424317 0.000292809847637 0.001670934213199 0.003344572721154 0.009211280159141 0.005769018707595 0.002965390818592 0.003989683367566 0.000925545680914 0.002965390818592 0.002990391683803 0.439007842771405 0.003517196290224 0.004788212071239 0.002118905808144 0.004939897597810 0.004567854793941 0.000896808171126 0.007117453892609 0.275942407372129 0.005073736065411 0.000896808171126 0.002174931477502 0.000848037522485 0.002698553959690 0.004537581009370 0.001693579297296 0.002698553959690 0.004228493572677 0.002404267107007 0.000265163798524 0.000412960975776 0.003623309837095 1.228494893479047 0.000412960975776 0.002039739870723 0.000265163798524 0.001533654174870 0.003084663795408 0.008551460943278 69.050594964678339 0.002732711953221 0.003684002584619 127.944022224194526 0.002732711953221 0.002755909161862 0.003711040219399 0.206638069552644 0.027454213644627 0.001948103341565 0.004567854793941 0.004221660312109 0.000819366980271 0.000774479788782 0.006858034695854 0.335139111733749 0.000819366980271 0.001999979245125 0.000774479788782 0.000489842277646 0.000890003931798 0.000285831720716 0.000489842277646 0.000820887541908 56.130980112220399 0.000032340561660 0.000054728881164 0.000687562256210 5.972664432948901 0.000054728881164 0.000354546437783 0.000032340561660 0.000254750114786 0.000571413821177 0.001834162500370 85.137957895131819 0.000496996411166 0.000700805220046 0.000127272814340 0.000496996411166 0.000501862039751 0.000706714334777 0.000127272814340 0.178673193601578 0.009686721227768 0.000896808171126 0.000819366980271 0.000122622647105 0.000114787454729 0.000346561650383 0.026272066216694 0.000122622647105 0.025126374083596 0.111835321527889 0.000461863326201 0.000841573368000 0.000268776865114 0.000461863326201 0.000775923819486 0.000403992765227 0.000030039476633 0.000050996496638 0.000649355567342 0.000044406625437 0.000050996496638 0.000333757615198 0.000030039476633 0.000239407431607 0.000539180915074 0.001740051309197 0.001014795113127 0.000468642191881 0.000661922897901 0.000119164923840 0.000468642191881 0.000473252846655 0.000667530875942 0.000119164923840 0.000817946354436 0.374439402956769 0.007117453892609 0.000774479788782 0.000114787454729 0.000107413656667 0.000326203468276 0.000874699865351 0.006749880479657 0.009203316148204 0.000107413656667 0.001241473762488 0.002159600451807 0.000754751931048 0.001241473762488 0.002003424560790 0.001097538961559 0.000102679769289 0.000165728168676 0.001699631457672 0.000146202468343 0.000165728168676 0.000920776788386 0.000102679769289 0.000678752661922 0.001431769708562 0.004233228237485 0.002567818771845 0.001258245030753 0.001729970215269 0.000358597036144 0.001258245030753 0.001269641980179 0.001743495266114 0.000358597036144 0.002103494369886 0.000876639020420 0.275942407372129 0.006858034695854 0.000346561650383 0.000326203468276 0.000901609968543 0.002238081843996 0.000346561650383 0.000901609968543 0.000326203468276 0.003011498279352 0.005040401674531 0.001898167139324 0.003011498279352 0.004699962164478 0.002685918627299 0.000302882137101 0.000469446551127 3.092380548212331 5.323763958054778 0.000469446551127 0.002282157232996 0.000302882137101 0.001720542841028 0.003438219936984 0.009448069747697 0.005923288541322 0.003049268548274 0.004099743239433 0.000954430584966 0.003049268548274 0.003074916660892 0.004129564278860 0.000954430584966 0.004918282628083 0.002180565151437 0.005073736065411 0.335139111733749 0.026272066216694 0.000874699865351 0.002238081843996 0.005210891020434 0.000924870927180 0.002238081843996 0.000874699865351 0.000489842277646 0.000890003931798 0.000285831720716 0.000489842277646 0.000820887541908 0.000428748108006 0.000032340561660 0.000054728881164 0.000687562256210 0.000047695642932 0.000054728881164 0.000354546437783 0.000032340561660 0.000254750114786 0.000571413821177 0.001834162500370 0.001072267382530 0.000496996411166 0.000700805220046 0.000127272814340 0.000496996411166 0.000501862039751 0.000706714334777 0.000127272814340 0.000865131970055 0.000336178283446 0.000896808171126 0.000819366980271 0.000122622647105 0.006749880479657 0.000346561650383 0.000924870927180 0.000122622647105 0.000346561650383 0.000114787454729 79.795038238670003 0.002159600451807 0.000754751931048 0.001241473762488 0.002003424560790 0.001097538961559 0.000102679769289 0.000165728168676 127.729752101902662 265.604298822060400 0.000165728168676 0.000920776788386 0.000102679769289 0.000678752661922 0.001431769708562 0.004233228237485 0.002567818771845 0.001258245030753 0.001729970215269 0.000358597036144 0.001258245030753 0.001269641980179 0.001743495266114 0.000358597036144 0.002103494369886 0.000876639020420 0.002174931477502 0.001999979245125 0.025126374083596 0.009203316148204 0.000901609968543 0.002238081843996 0.000346561650383 0.000901609968543 0.000326203468276 0.000461863326201 0.000841573368000 0.000268776865114 0.000461863326201 0.000775923819486 0.000403992765227 0.000030039476633 0.000050996496638 0.000649355567342 0.000044406625437 0.000050996496638 0.000333757615198 0.000030039476633 0.000239407431607 0.000539180915074 0.001740051309197 0.001014795113127 0.000468642191881 0.000661922897901 0.000119164923840 0.000468642191881 0.000473252846655 0.000667530875942 0.000119164923840 0.000817946354436 0.000316381313519 0.000848037522485 0.000774479788782 0.111835321527889 0.000107413656667 0.000326203468276 0.000874699865351 0.000114787454729 0.000326203468276 0.000107413656667 </Function>
    <Function name="bcoef" type="Discrete2D" xsize="35" ysize="35">-0.002985761166138 -0.004681626726827 -0.001993676431169 -0.002985761166138 -0.142475953076226 -0.152558524823980 -0.000396854042196 -0.000584198563043 -100.714807819618187 -0.000527920139292 -0.000584198563043 -0.002342654451209 -0.000396854042196 -147.175329876458846 -0.003352377271522 -0.008094140240820 -0.005389287691385 -0.003018471386554 -0.003909333045909 -0.001090767032224 -0.003018471386554 -0.003040653414780 -0.003934149260625 -0.001090767032224 -0.004582513453962 -0.002251116788188 -0.004708626180025 -0.004398351174471 -0.001061029684085 -0.001010280285824 -0.002303007049311 -0.004819472377675 -0.001061029684085 -118.527360389961359 -0.001010280285824 -0.004681626726827 -0.007199943688823 -0.003183183859165 -0.004681626726827 -0.155068317158529 -0.641492418030258 -0.000686240136450 -0.000989961271946 -0.005975669331105 -0.000899284228831 -0.000989961271946 -0.003713107265005 -0.000686240136450 -30.382969837111514 -0.005229914448141 -0.012171498671370 -0.008239586171197 -0.004730649426814 -0.006058458269423 -0.001791690838741 -0.004730649426814 -0.004763881593229 -0.006095264046510 -0.001791690838741 -0.007053878546763 -0.003574439679131 -0.007239712871936 -0.006782153876166 -0.001745181432409 -0.001665676399281 -0.003653074148379 -0.007402895212321 -0.001745181432409 -0.003653074148379 -0.001665676399281 -0.001993676431169 -0.003183183859165 -0.001308793346383 -0.001993676431169 -0.002987561622213 -0.029116669117099 -0.751451151907211 -0.000362515828452 -0.002599953116613 -0.000325966653767 -0.000362515828452 -0.001548498381962 -0.000241557804465 -6.370623039207247 -0.002249122082782 -0.005619872029812 -0.003684539673505 -0.002016422744096 -0.002639120735541 -0.000697152032663 -0.002016422744096 -0.002031853076836 -0.002656547070946 -0.000697152032663 -0.003113169637370 -0.001485481833716 -0.003202265584933 -0.002983219845583 -0.000677286884758 -0.000643438756248 -0.001521192492553 -0.003280645885426 -0.000677286884758 -0.001521192492553 -0.000643438756248 -0.002985761166138 -0.004681626726827 -0.001993676431169 -0.002985761166138 -0.004404508623557 -0.002701505387418 -0.046429981671248 -0.876207864295221 -0.003853535048596 -0.000527920139292 -0.000584198563043 -0.002342654451209 -0.000396854042196 -0.001829252059831 -0.003352377271522 -0.008094140240820 -0.005389287691385 -0.003018471386554 -0.003909333045909 -0.001090767032224 -0.003018471386554 -0.003040653414780 -0.003934149260625 -0.001090767032224 -0.004582513453962 -0.002251116788188 -0.004708626180025 -0.004398351174471 -0.001061029684085 -0.001010280285824 -0.002303007049311 -0.004819472377675 -0.001061029684085 -0.002303007049311 -0.001010280285824 -0.142475953076226 -0.155068317158529 -0.002987561622213 -0.004404508623557 -0.006403547279340 -0.004000488371394 -0.000637303520619 -0.026529326288229 -0.618496790349983 -0.000836810907126 -0.000921825223673 -0.003488308343479 -0.000637303520619 -0.002750576331301 -0.004923659448882 -0.011515058063107 -0.007777978726704 -0.004450913146972 -0.005708726774055 -0.001675264155143 -0.004450913146972 -0.004482371975442 -0.005743615288652 -0.001675264155143 -0.006652671954735 -0.003357233838149 -0.006828977999852 -0.006394923816224 -0.001631487309351 -0.001556669977297 -0.003431559030090 -0.006983813194554 -0.001631487309351 -0.003431559030090 -0.001556669977297 -0.152558524823980 -0.641492418030258 -0.029116669117099 -0.002701505387418 -0.004000488371394 -0.002441841801311 -0.000351080102026 -0.000519238162889 -0.037839193624719 -1.395155357106844 -0.000519238162889 -2.037045964534929 -0.683996794877332 -2.547328685333105 -0.003036731866682 -0.007393741925001 -136.673596365018255 -0.002731400528543 -0.003546618351488 -0.000976459228593 -0.002731400528543 -0.002751675214350 -0.003569353000648 -0.000976459228593 -0.004163756355811 -0.002030943074126 -0.004279461746122 -0.003994841704357 -74.131659560777337 -0.000903632763864 -0.002078247505393 -0.004381182611217 -0.000949545601811 -0.002078247505393 -0.000903632763864 -0.000396854042196 -0.000686240136450 -0.751451151907211 -0.046429981671248 -0.000637303520619 -0.000351080102026 -0.000031581988196 -0.000051826767327 -0.000541788479566 -0.000045543430723 -0.066052939280804 -0.022361113712756 -0.000031581988196 -0.000217174527311 -0.000457189653799 -0.001327264655898 -0.000813659563679 -0.000402179764655 -0.000551347254546 -0.000114074191548 -0.000402179764655 -0.000405797951307 -0.000555607098164 -0.000114074191548 -0.000668672204226 -0.000280586115909 -0.000691038183138 -0.000636222717718 -0.000110188670844 -0.000103615393555 -0.000288570135145 -0.000710791180043 -0.000110188670844 -0.000288570135145 -0.000103615393555 -0.000584198563043 -0.000989961271946 -0.000362515828452 -0.876207864295221 -0.026529326288229 -0.000519238162889 -0.000051826767327 -0.000083083482867 -0.000788329018933 -0.000073449646572 -0.000083083482867 -0.000438810437108 -0.000051826767327 -0.000327312555993 -0.000669438263956 -0.001871168960603 -0.001166662385647 -0.000591739342702 -0.000801721656259 -0.000176576850814 -0.000591739342702 -0.000596860449012 -0.000807687568836 -0.000176576850814 -0.000965519636437 -0.000418603555583 -0.000996633076443 -0.000920318510579 -0.000170815700997 -0.000161051310945 -0.000430042048706 -0.001024084453800 -0.000170815700997 -0.000430042048706 -0.000161051310945 -100.714807819618187 -0.005975669331105 -0.002599953116613 -0.003853535048596 -0.618496790349983 -0.037839193624719 -0.000541788479566 -0.000788329018933 -0.004942045445512 -0.000714529957275 -0.000788329018933 -0.003042270883155 -0.000541788479566 -0.002390936090679 -0.004314169603174 -0.010199487970255 -0.006855786535323 -0.003894683507557 -0.005011835272972 -0.001445809717677 -0.003894683507557 -0.003922582068860 -0.005042867280632 -0.001445809717677 -0.005852181787674 -0.002926409058835 -0.006009298694715 -0.005622574348717 -0.001407474934754 -0.001341990535668 -0.002992101210869 -6.980932932399115 -0.001407474934754 -175.213239106462424 -0.001341990535668 -0.000527920139292 -0.000899284228831 -0.000325966653767 -0.000527920139292 -0.000836810907126 -1.395155357106844 -0.000045543430723 -0.000073449646572 -0.000714529957275 -0.000064833103808 -0.000073449646572 -0.000395367426666 -0.000045543430723 -0.000293989908724 -0.000605782000261 -0.001709924023876 -21.209297024625776 -0.000534804264876 -0.000726789671194 -0.000157513585355 -0.000534804264876 -0.000539479881670 -0.000732251496495 -0.000157513585355 -0.000876869465656 -0.000376974328186 -0.000905403601315 -2.710793326515756 -12.227222748798894 -0.000143511638262 -0.000387385089009 -10.411593280282089 -0.000152316248813 -321.719920158494119 -0.000143511638262 -0.000584198563043 -0.000989961271946 -0.000362515828452 -0.000584198563043 -0.000921825223673 -0.000519238162889 -0.066052939280804 -0.000083083482867 -0.000788329018933 -0.000073449646572 -0.000083083482867 -0.000438810437108 -0.000051826767327 -0.000327312555993 -0.000669438263956 -0.001871168960603 -0.001166662385647 -0.000591739342702 -0.000801721656259 -0.000176576850814 -0.000591739342702 -0.000596860449012 -0.000807687568836 -0.000176576850814 -0.000965519636437 -0.000418603555583 -0.000996633076443 -0.000920318510579 -0.000170815700997 -0.000161051310945 -0.000430042048706 -0.001024084453800 -0.000170815700997 -0.000430042048706 -0.000161051310945 -0.002342654451209 -0.003713107265005 -0.001548498381962 -0.002342654451209 -0.003488308343479 -2.037045964534929 -0.022361113712756 -0.000438810437108 -0.003042270883155 -0.000395367426666 -0.000438810437108 -0.001827015960071 -0.000294695714694 -0.001417649149184 -0.002637750724247 -0.860991114407598 -2.916315235919276 -0.002368952509463 -0.003087382735117 -443.839640071608187 -0.002368952509463 -0.002386789794221 -0.003107450736477 -0.000833821996520 -0.003632673076948 -0.001753862395461 -0.003735024611920 -0.003483316740427 -0.000810478660506 -0.000770678598645 -0.001795323083856 -0.003825033838075 -0.000810478660506 -0.001795323083856 -0.000770678598645 -0.000396854042196 -0.000686240136450 -0.000241557804465 -0.000396854042196 -0.000637303520619 -0.683996794877332 -0.000031581988196 -0.000051826767327 -0.000541788479566 -0.000045543430723 -0.000051826767327 -0.000294695714694 -0.000031581988196 -0.000217174527311 -0.000457189653799 -0.247590057054508 -0.754092409334311 -0.000402179764655 -0.000551347254546 -0.000114074191548 -0.000402179764655 -0.000405797951307 -0.000555607098164 -0.000114074191548 -0.000668672204226 -0.000280586115909 -0.000691038183138 -0.000636222717718 -0.000110188670844 -0.000103615393555 -0.000288570135145 -0.000710791180043 -0.000110188670844 -0.000288570135145 -0.000103615393555 -147.175329876458846 -30.382969837111514 -6.370623039207247 -0.001829252059831 -0.002750576331301 -2.547328685333105 -0.000217174527311 -0.000327312555993 -0.002390936090679 -0.000293989908724 -0.000327312555993 -0.001417649149184 -0.000217174527311 -0.001092766427115 -0.002065769101519 -0.005200433575105 -0.028735926724045 -0.536434148198100 -0.002427260120125 -0.000633555960431 -0.001850303760903 -0.001864585578042 -0.002443422609117 -0.000633555960431 -0.002867198378824 -0.001359455550383 -0.002949941740003 -0.002746545809589 -0.000615331719570 -0.000584290289837 -0.001392430735016 -0.003022747623822 -0.000615331719570 -0.001392430735016 -0.000584290289837 -0.003352377271522 -0.005229914448141 -0.002249122082782 -0.003352377271522 -0.004923659448882 -0.003036731866682 -0.000457189653799 -0.000669438263956 -0.004314169603174 -0.000605782000261 -0.000669438263956 -0.002637750724247 -0.000457189653799 -0.002065769101519 -0.003759021836978 -0.008989165474823 -0.006011190735889 -0.129926697591231 -0.818441806687881 -0.001239722561161 -0.003388678970895 -0.003413294195694 -0.004403397399950 -0.001239722561161 -0.005120401425637 -0.002535876533965 -0.005259742892368 -0.004916852455219 -0.001206348892904 -0.001149368804437 -0.002593631592943 -0.005382185864296 -0.001206348892904 -0.002593631592943 -0.001149368804437 -0.008094140240820 -0.012171498671370 -0.005619872029812 -0.008094140240820 -0.011515058063107 -0.007393741925001 -0.001327264655898 -0.001871168960603 -0.010199487970255 -0.001709924023876 -0.001871168960603 -0.860991114407598 -0.247590057054508 -0.005200433575105 -0.008989165474823 -0.020043912359492 -0.013833860547173 -0.008174360703677 -0.231988747031604 -1.495875286687062 -0.008174360703677 -0.008228718957815 -0.010392899555872 -0.003268141225148 -0.011937095022524 -0.006270553210528 -0.012235281684256 -0.011500434349355 -0.003188199487978 -0.003051282078095 -0.006400890282427 -0.012496830756584 -0.003188199487978 -0.006400890282427 -0.003051282078095 -0.005389287691385 -0.008239586171197 -0.003684539673505 -0.005389287691385 -0.007777978726704 -136.673596365018255 -0.000813659563679 -0.001166662385647 -0.006855786535323 -21.209297024625776 -0.001166662385647 -2.916315235919276 -0.754092409334311 -0.028735926724045 -0.006011190735889 -0.013833860547173 -0.009412438334794 -0.005444928041813 -0.006949464880265 -0.696914077411612 -0.005444928041813 -0.005482642144062 -0.006991106744852 -0.002091766996695 -3.219007440432751 -0.004130499958251 -0.008284486643351 -104.693942987209397 -111.932727281116044 -0.001946835627487 -0.004220050232561 -0.008468692948347 -0.002038292745546 -0.004220050232561 -0.001946835627487 -0.003018471386554 -0.004730649426814 -0.002016422744096 -0.003018471386554 -0.004450913146972 -0.002731400528543 -0.000402179764655 -0.000591739342702 -0.003894683507557 -0.000534804264876 -0.000591739342702 -0.002368952509463 -0.000402179764655 -0.536434148198100 -0.129926697591231 -0.008174360703677 -0.005444928041813 -0.003051503772696 -0.003951017067349 -0.001103989686587 -0.003051503772696 -0.003073904073926 -0.003976071226832 -0.001103989686587 -1.278405885277258 -0.002276488701743 -0.004757903121162 -0.004444697338767 -0.001073927647842 -0.001022622005640 -0.002328904424342 -0.004869791581421 -0.001073927647842 -0.002328904424342 -0.001022622005640 -0.003909333045909 -0.006058458269423 -0.002639120735541 -0.003909333045909 -0.005708726774055 -0.003546618351488 -0.000551347254546 -0.000801721656259 -0.005011835272972 -0.000726789671194 -0.000801721656259 -0.003087382735117 -0.000551347254546 -0.002427260120125 -0.818441806687881 -0.231988747031604 -0.006949464880265 -0.003951017067349 -0.005082510843890 -0.001468916272743 -0.003951017067349 -0.003979278414832 -0.005113936297653 -0.001468916272743 -0.005933430422077 -0.002969972813750 -0.006092506547002 -0.005700950251392 -0.001430029794681 -0.001363599448076 -0.003036543458229 -0.006232245145869 -0.001430029794681 -0.003036543458229 -0.001363599448076 -0.001090767032224 -0.001791690838741 -0.000697152032663 -0.001090767032224 -0.001675264155143 -0.000976459228593 -0.000114074191548 -0.000176576850814 -0.001445809717677 -0.000157513585355 -0.000176576850814 -443.839640071608187 -0.000114074191548 -0.000633555960431 -0.001239722561161 -1.495875286687062 -0.696914077411612 -0.001103989686587 -0.001468916272743 -0.000355950410915 -0.001103989686587 -0.001112964242700 -0.001479202775726 -0.000355950410915 -0.823448354762812 -0.000797765345900 -0.001803068369445 -175.666402131910701 -0.000345112231902 -0.000326691382801 -0.000818187598467 -0.001849840439361 -0.000345112231902 -0.000818187598467 -0.000326691382801 -0.003018471386554 -0.004730649426814 -0.002016422744096 -0.003018471386554 -0.004450913146972 -0.002731400528543 -0.000402179764655 -0.000591739342702 -0.003894683507557 -0.000534804264876 -0.000591739342702 -0.002368952509463 -0.000402179764655 -0.001850303760903 -0.003388678970895 -0.008174360703677 -0.005444928041813 -0.003051503772696 -0.003951017067349 -0.001103989686587 -0.003051503772696 -0.003073904073926 -0.003976071226832 -0.229814322210886 -0.888499662116420 -0.002276488701743 -0.004757903121162 -0.004444697338767 -0.001073927647842 -0.001022622005640 -0.002328904424342 -0.004869791581421 -0.001073927647842 -0.002328904424342 -0.001022622005640 -0.003040653414780 -0.004763881593229 -0.002031853076836 -0.003040653414780 -0.004482371975442 -0.002751675214350 -0.000405797951307 -0.000596860449012 -0.003922582068860 -0.000539479881670 -0.000596860449012 -0.002386789794221 -0.000405797951307 -0.001864585578042 -0.003413294195694 -0.008228718957815 -0.005482642144062 -0.003073904073926 -0.003979278414832 -0.001112964242700 -0.003073904073926 -0.003096452258017 -0.004004493755213 -0.001112964242700 -0.110537451901024 -0.872828344220385 -0.004791307485693 -0.004476116638689 -0.001082682047369 -0.001030999232124 -0.002346470187793 -0.004903901865685 -0.001082682047369 -0.002346470187793 -0.001030999232124 -0.003934149260625 -0.006095264046510 -0.002656547070946 -0.003934149260625 -0.005743615288652 -0.003569353000648 -0.000555607098164 -0.000807687568836 -0.005042867280632 -0.000732251496495 -0.000807687568836 -0.003107450736477 -0.000555607098164 -0.002443422609117 -0.004403397399950 -0.010392899555872 -0.006991106744852 -0.003976071226832 -0.005113936297653 -0.001479202775726 -0.003976071226832 -0.004004493755213 -0.005145536518250 -0.001479202775726 -0.005969552092373 -0.032018662230625 -1.611393259219290 -0.005735796002965 -0.001440070972623 -0.001373219972517 -0.003056313899126 -0.006269999479768 -0.001440070972623 -0.003056313899126 -0.001373219972517 -0.001090767032224 -0.001791690838741 -0.000697152032663 -0.001090767032224 -0.001675264155143 -0.000976459228593 -0.000114074191548 -0.000176576850814 -0.001445809717677 -0.000157513585355 -0.000176576850814 -0.000833821996520 -0.000114074191548 -0.000633555960431 -0.001239722561161 -0.003268141225148 -0.002091766996695 -0.001103989686587 -0.001468916272743 -0.000355950410915 -0.229814322210886 -0.001112964242700 -0.001479202775726 -0.000355950410915 -0.001749975945579 -0.000797765345900 -0.020595979466534 -0.800177275133174 -0.000345112231902 -0.000326691382801 -0.000818187598467 -0.001849840439361 -0.000345112231902 -0.000818187598467 -0.000326691382801 -0.004582513453962 -0.007053878546763 -0.003113169637370 -0.004582513453962 -0.006652671954735 -0.004163756355811 -0.000668672204226 -0.000965519636437 -0.005852181787674 -0.000876869465656 -0.000965519636437 -0.003632673076948 -0.000668672204226 -0.002867198378824 -0.005120401425637 -0.011937095022524 -3.219007440432751 -1.278405885277258 -0.005933430422077 -0.823448354762812 -0.888499662116420 -0.110537451901024 -0.005969552092373 -0.001749975945579 -0.006910485735230 -0.003496716986445 -0.007092921069398 -0.137286816813175 -0.653889195389557 -0.001626614590780 -0.003573812588826 -0.007253125868843 -0.001704443516395 -0.003573812588826 -0.001626614590780 -0.002251116788188 -0.003574439679131 -0.001485481833716 -0.002251116788188 -0.003357233838149 -0.002030943074126 -0.000280586115909 -0.000418603555583 -0.002926409058835 -0.000376974328186 -0.000418603555583 -0.001753862395461 -0.000280586115909 -0.001359455550383 -0.002535876533965 -0.006270553210528 -0.004130499958251 -0.002276488701743 -0.002969972813750 -0.000797765345900 -0.002276488701743 -0.872828344220385 -0.032018662230625 -0.000797765345900 -0.003496716986445 -0.001683355623925 -0.003595619183886 -0.003352411373858 -0.047910710649364 -1.374357054397034 -0.001723314904746 -0.003682602712013 -0.000775333755455 -0.001723314904746 -0.000737094210424 -0.004708626180025 -0.007239712871936 -0.003202265584933 -0.004708626180025 -0.006828977999852 -0.004279461746122 -0.000691038183138 -0.000996633076443 -0.006009298694715 -0.000905403601315 -0.000996633076443 -0.003735024611920 -0.000691038183138 -0.002949941740003 -0.005259742892368 -0.012235281684256 -0.008284486643351 -0.004757903121162 -0.006092506547002 -0.001803068369445 -0.004757903121162 -0.004791307485693 -1.611393259219290 -0.020595979466534 -0.007092921069398 -0.003595619183886 -0.007279679646000 -0.006819840550509 -0.001756292890090 -0.037058613227860 -1.054801139898926 -0.007443671617107 -0.001756292890090 -0.003674672407760 -0.001676331360717 -0.004398351174471 -0.006782153876166 -0.002983219845583 -0.004398351174471 -0.006394923816224 -0.003994841704357 -0.000636222717718 -0.000920318510579 -0.005622574348717 -2.710793326515756 -0.000920318510579 -0.003483316740427 -0.000636222717718 -0.002746545809589 -0.004916852455219 -0.011500434349355 -104.693942987209397 -0.004444697338767 -0.005700950251392 -175.666402131910701 -0.004444697338767 -0.004476116638689 -0.005735796002965 -0.800177275133174 -0.137286816813175 -0.003352411373858 -0.006819840550509 -0.006386310806177 -0.001628968531301 -0.001554255405942 -0.035929541606520 -1.104440328539799 -0.001628968531301 -0.003426640577054 -0.001554255405942 -0.001061029684085 -0.001745181432409 -0.000677286884758 -0.001061029684085 -0.001631487309351 -74.131659560777337 -0.000110188670844 -0.000170815700997 -0.001407474934754 -12.227222748798894 -0.000170815700997 -0.000810478660506 -0.000110188670844 -0.000615331719570 -0.001206348892904 -0.003188199487978 -111.932727281116044 -0.001073927647842 -0.001430029794681 -0.000345112231902 -0.001073927647842 -0.001082682047369 -0.001440070972623 -0.000345112231902 -0.653889195389557 -0.047910710649364 -0.001756292890090 -0.001628968531301 -0.000334571968832 -0.000316659606484 -0.000795239112516 -0.132342658033545 -0.000334571968832 -0.142570312524545 -0.444293766758707 -0.001010280285824 -0.001665676399281 -0.000643438756248 -0.001010280285824 -0.001556669977297 -0.000903632763864 -0.000103615393555 -0.000161051310945 -0.001341990535668 -0.000143511638262 -0.000161051310945 -0.000770678598645 -0.000103615393555 -0.000584290289837 -0.001149368804437 -0.003051282078095 -0.001946835627487 -0.001022622005640 -0.001363599448076 -0.000326691382801 -0.001022622005640 -0.001030999232124 -0.001373219972517 -0.000326691382801 -0.001626614590780 -1.374357054397034 -0.037058613227860 -0.001554255405942 -0.000316659606484 -0.000299615008076 -0.000756114891094 -0.001720137626436 -0.039887970235093 -0.045909817071226 -0.000299615008076 -0.002303007049311 -0.003653074148379 -0.001521192492553 -0.002303007049311 -0.003431559030090 -0.002078247505393 -0.000288570135145 -0.000430042048706 -0.002992101210869 -0.000387385089009 -0.000430042048706 -0.001795323083856 -0.000288570135145 -0.001392430735016 -0.002593631592943 -0.006400890282427 -0.004220050232561 -0.002328904424342 -0.003036543458229 -0.000818187598467 -0.002328904424342 -0.002346470187793 -0.003056313899126 -0.000818187598467 -0.003573812588826 -0.001723314904746 -1.054801139898926 -0.035929541606520 -0.000795239112516 -0.000756114891094 -0.001764125861731 -0.003763373156090 -0.000795239112516 -0.001764125861731 -0.000756114891094 -0.004819472377675 -0.007402895212321 -0.003280645885426 -0.004819472377675 -0.006983813194554 -0.004381182611217 -0.000710791180043 -0.001024084453800 -6.980932932399115 -10.411593280282089 -0.001024084453800 -0.003825033838075 -0.000710791180043 -0.003022747623822 -0.005382185864296 -0.012496830756584 -0.008468692948347 -0.004869791581421 -0.006232245145869 -0.001849840439361 -0.004869791581421 -0.004903901865685 -0.006269999479768 -0.001849840439361 -0.007253125868843 -0.003682602712013 -0.007443671617107 -1.104440328539799 -0.132342658033545 -0.001720137626436 -0.003763373156090 -0.007610981006040 -0.001801972888625 -0.003763373156090 -0.001720137626436 -0.001061029684085 -0.001745181432409 -0.000677286884758 -0.001061029684085 -0.001631487309351 -0.000949545601811 -0.000110188670844 -0.000170815700997 -0.001407474934754 -0.000152316248813 -0.000170815700997 -0.000810478660506 -0.000110188670844 -0.000615331719570 -0.001206348892904 -0.003188199487978 -0.002038292745546 -0.001073927647842 -0.001430029794681 -0.000345112231902 -0.001073927647842 -0.001082682047369 -0.001440070972623 -0.000345112231902 -0.001704443516395 -0.000775333755455 -0.001756292890090 -0.001628968531301 -0.000334571968832 -0.039887970235093 -0.000795239112516 -0.001801972888625 -0.000334571968832 -0.000795239112516 -0.000316659606484 -118.527360389961359 -0.003653074148379 -0.001521192492553 -0.002303007049311 -0.003431559030090 -0.002078247505393 -0.000288570135145 -0.000430042048706 -175.213239106462424 -321.719920158494119 -0.000430042048706 -0.001795323083856 -0.000288570135145 -0.001392430735016 -0.002593631592943 -0.006400890282427 -0.004220050232561 -0.002328904424342 -0.003036543458229 -0.000818187598467 -0.002328904424342 -0.002346470187793 -0.003056313899126 -0.000818187598467 -0.003573812588826 -0.001723314904746 -0.003674672407760 -0.003426640577054 -0.142570312524545 -0.045909817071226 -0.001764125861731 -0.003763373156090 -0.000795239112516 -0.001764125861731 -0.000756114891094 -0.001010280285824 -0.001665676399281 -0.000643438756248 -0.001010280285824 -0.001556669977297 -0.000903632763864 -0.000103615393555 -0.000161051310945 -0.001341990535668 -0.000143511638262 -0.000161051310945 -0.000770678598645 -0.000103615393555 -0.000584290289837 -0.001149368804437 -0.003051282078095 -0.001946835627487 -0.001022622005640 -0.001363599448076 -0.000326691382801 -0.001022622005640 -0.001030999232124 -0.001373219972517 -0.000326691382801 -0.001626614590780 -0.000737094210424 -0.001676331360717 -0.001554255405942 -0.444293766758707 -0.000299615008076 -0.000756114891094 -0.001720137626436 -0.000316659606484 -0.000756114891094 -0.000299615008076 </Function>
    <Function name="ccoef" type="Discrete2D" xsize="35" ysize="35">0.001073484480538 0.001406050118582 0.000842472116719 0.001073484480538 0.269989878044935 0.272192238105509 0.000319846215217 0.000403365752290 27.413320466693733 0.000379580303804 0.000403365752290 0.000928084824104 0.000319846215217 26.718929995555740 0.001150732724251 0.001952833272332 0.001529965196871 0.001080525372031 0.001261898236653 0.000586680877652 0.001080525372031 0.001085282707940 0.001266698425849 0.000586680877652 0.001388113507573 0.000906153030431 0.001410909828740 0.001354367962404 0.000577031140967 0.000560309335114 0.000918628450102 0.001430745630978 0.000577031140967 30.313301879454098 0.000560309335114 0.001406050118582 0.001820372185166 0.001115526175883 0.001406050118582 0.502955610946493 1.003541378652298 0.000444271444843 0.000553520428868 0.001627776092204 0.000522517592686 0.000553520428868 0.001223503534597 0.000444271444843 6.522168006344281 0.001502655695798 0.002494417614758 0.001973812845935 0.001414865608273 0.001641269895239 0.000790170068993 0.001414865608273 0.001420820799659 0.001647245180166 0.000790170068993 0.001798123503278 0.001195879757157 0.001826398477730 0.001756237776263 0.000777798464294 0.000756340071877 0.001211595979539 0.001850988379641 0.000777798464294 0.001211595979539 0.000756340071877 0.000842472116719 0.001115526175883 0.000654463421031 0.000842472116719 0.001073872829474 0.100762483472479 1.103470736540264 0.000302941600389 0.000987966095820 0.000284227853733 0.000302941600389 0.000723951020479 0.000237451750340 5.439296580356457 0.000905671181915 0.001568912007720 0.001217846839489 0.000848226201389 0.000996869449133 0.000448496677260 0.000848226201389 0.000852114806316 0.001000813696947 0.000448496677260 0.001100739123309 0.000706127520822 0.001119533619341 0.001072936171559 0.000440784516510 0.000427432027568 0.000716264183745 0.001135895408535 0.000440784516510 0.000716264183745 0.000427432027568 0.001073484480538 0.001406050118582 0.000842472116719 0.001073484480538 0.001355505268364 0.001010941986046 0.133319278776145 1.209998009176396 0.001251060519738 0.000379580303804 0.000403365752290 0.000928084824104 0.000319846215217 0.000800067930518 0.001150732724251 0.001952833272332 0.001529965196871 0.001080525372031 0.001261898236653 0.000586680877652 0.001080525372031 0.001085282707940 0.001266698425849 0.000586680877652 0.001388113507573 0.000906153030431 0.001410909828740 0.001354367962404 0.000577031140967 0.000560309335114 0.000918628450102 0.001430745630978 0.000577031140967 0.000918628450102 0.000560309335114 0.269989878044935 0.502955610946493 0.001073872829474 0.001355505268364 0.001696739238324 0.001279471270200 0.000424981985968 0.095290494563657 0.981799570584785 0.000500425152769 0.000530336946241 0.001178505601606 0.000424981985968 0.001021920125227 0.001449224058603 0.002412806034629 0.001906701822506 0.001364056008523 0.001583748752151 0.000758949202254 0.001364056008523 0.001369832505490 0.001589549060891 0.000758949202254 0.001736042673652 0.001151732669940 0.001763502823142 0.001695367900447 0.000746986840576 0.000726240828390 0.001166964421753 0.001787385784674 0.000746986840576 0.001166964421753 0.000726240828390 0.272192238105509 1.003541378652298 0.100762483472479 0.001010941986046 0.001279471270200 0.000951465938310 0.000297171023900 0.000375822427927 0.117917692469456 2.485809878937995 0.000375822427927 1.288885522391090 0.669647556160478 2.355540653153532 0.001084442673997 0.001849614850491 33.111628667026494 0.001017639520267 0.001190286218558 0.000548978327403 0.001017639520267 0.001022165066110 0.001194858373861 0.000548978327403 0.001310550970189 0.000851885804643 0.001332282183811 0.001278387384165 14.987703654822171 0.000524032126228 0.000863736140622 0.001351193490367 0.000539848907722 0.000863736140622 0.000524032126228 0.000319846215217 0.000444271444843 1.103470736540264 0.133319278776145 0.000424981985968 0.000297171023900 0.000070052947200 0.000094296419706 0.000385532141561 0.000087260596308 0.218520886027347 0.086002268389532 0.000070052947200 0.000222765566745 0.000348193426079 0.000659989838273 0.000492071680214 0.000322414719232 0.000389599024584 0.000151382324927 0.000322414719232 0.000324151951976 0.000391402326114 0.000151382324927 0.000437412000088 0.000259778041007 0.000446132598615 0.000424549403064 0.000148267135705 0.000142895087800 0.000264188288149 0.000453740921991 0.000148267135705 0.000264188288149 0.000142895087800 0.000403365752290 0.000553520428868 0.000302941600389 1.209998009176396 0.095290494563657 0.000375822427927 0.000094296419706 0.000125161727133 0.000482822209580 0.000116240255883 0.000125161727133 0.000339726089679 0.000094296419706 0.000284931412094 0.000437712602070 0.000811018076019 0.000610843347810 0.000406481699861 0.000487727114323 0.000196753737698 0.000406481699861 0.000408588756762 0.000489901501244 0.000196753737698 0.000545279785039 0.000330251256636 0.000555755678698 0.000529816678181 0.000192876538656 0.000186183542643 0.000335636577858 0.000564890401164 0.000192876538656 0.000335636577858 0.000186183542643 27.413320466693733 0.001627776092204 0.000987966095820 0.001251060519738 0.981799570584785 0.117917692469456 0.000385532141561 0.000482822209580 0.001452468665212 0.000455171431529 0.000482822209580 0.001085629059235 0.000385532141561 0.000939514553022 0.001338754858097 0.002243415691115 0.001767653360174 0.001259058861426 0.001464740884987 0.000694751374643 0.001259058861426 0.001264462500796 0.001470175747332 0.000694751374643 0.001607509010902 0.001060629618020 0.001633266317873 0.001569364611578 0.000683639476159 0.000664373655362 0.001074851579590 4.123668184072442 0.000683639476159 38.216050052568605 0.000664373655362 0.000379580303804 0.000522517592686 0.000284227853733 0.000379580303804 0.000500425152769 2.485809878937995 0.000087260596308 0.000116240255883 0.000455171431529 0.000107855133110 0.000116240255883 0.000319126789192 0.000087260596308 0.000267154310053 0.000412242297661 0.000768331819853 10.826436527302491 0.000382542461693 0.000459841305155 0.000183718775166 0.000382542461693 0.000384545632538 0.000461911624472 0.000183718775166 0.000514663891511 0.000310134297125 0.000524648048343 1.529930465869727 5.939862919892789 0.000173738074652 0.000315245191677 4.615759587815573 0.000180057191748 54.713290920970174 0.000173738074652 0.000403365752290 0.000553520428868 0.000302941600389 0.000403365752290 0.000530336946241 0.000375822427927 0.218520886027347 0.000125161727133 0.000482822209580 0.000116240255883 0.000125161727133 0.000339726089679 0.000094296419706 0.000284931412094 0.000437712602070 0.000811018076019 0.000610843347810 0.000406481699861 0.000487727114323 0.000196753737698 0.000406481699861 0.000408588756762 0.000489901501244 0.000196753737698 0.000545279785039 0.000330251256636 0.000555755678698 0.000529816678181 0.000192876538656 0.000186183542643 0.000335636577858 0.000564890401164 0.000192876538656 0.000335636577858 0.000186183542643 0.000928084824104 0.001223503534597 0.000723951020479 0.000928084824104 0.001178505601606 1.288885522391090 0.086002268389532 0.000339726089679 0.001085629059235 0.000319126789192 0.000339726089679 0.000799480979365 0.000267538953195 0.000686600298718 0.000996558922021 1.410309844550229 3.557120602193959 0.000934321932671 0.001095259462168 64.398250929105231 0.000934321932671 0.000938536645314 0.001099525440767 0.000499351938042 0.001207531643256 0.000780117537104 0.001227831615493 0.001177493480614 0.000490916559453 0.000476306721841 0.000791130813576 0.001245500482115 0.000490916559453 0.000791130813576 0.000476306721841 0.000319846215217 0.000444271444843 0.000237451750340 0.000319846215217 0.000424981985968 0.669647556160478 0.000070052947200 0.000094296419706 0.000385532141561 0.000087260596308 0.000094296419706 0.000267538953195 0.000070052947200 0.000222765566745 0.000348193426079 0.774181671037417 1.105796240814189 0.000322414719232 0.000389599024584 0.000151382324927 0.000322414719232 0.000324151951976 0.000391402326114 0.000151382324927 0.000437412000088 0.000259778041007 0.000446132598615 0.000424549403064 0.000148267135705 0.000142895087800 0.000264188288149 0.000453740921991 0.000148267135705 0.000264188288149 0.000142895087800 26.718929995555740 6.522168006344281 5.439296580356457 0.000800067930518 0.001021920125227 2.355540653153532 0.000222765566745 0.000284931412094 0.000939514553022 0.000267154310053 0.000284931412094 0.000686600298718 0.000222765566745 0.000587325879042 0.000860620719284 0.001497567695546 0.099969834414930 0.901426284544385 0.000948052796006 0.000423480795025 0.000805579767226 0.000809304813692 0.000951835468416 0.000423480795025 0.001047701043697 0.000669548032842 0.001065738842156 0.001021021387213 0.000416129316283 0.000403403751308 0.000679245690361 0.001081443573455 0.000416129316283 0.000679245690361 0.000403403751308 0.001150732724251 0.001502655695798 0.000905671181915 0.001150732724251 0.001449224058603 0.001084442673997 0.000348193426079 0.000437712602070 0.001338754858097 0.000412242297661 0.000437712602070 0.000996558922021 0.000348193426079 0.000860620719284 0.001232558781649 0.002079669660715 0.001633574840985 0.384981098719539 0.745772786002356 0.000633515775550 0.001158193138294 0.001163233670004 0.001355300067885 0.000633515775550 0.001483696721335 0.000973284022541 0.001507792019537 0.001448021588551 0.000623227328788 0.000605394365275 0.000986524110229 0.001528755194995 0.000623227328788 0.000986524110229 0.000605394365275 0.001952833272332 0.002494417614758 0.001568912007720 0.001952833272332 0.002412806034629 0.001849614850491 0.000659989838273 0.000811018076019 0.002243415691115 0.000768331819853 0.000811018076019 1.410309844550229 0.774181671037417 0.001497567695546 0.002079669660715 0.003364745555862 0.002693573105820 0.001964422996875 0.545130547454336 1.070905331235081 0.001964422996875 0.001972250473277 0.002268844695692 0.001133295646029 0.002465482485389 0.001675506996219 0.002502252399870 0.002410967060731 0.001116580460571 0.001087557295370 0.001696316790742 0.002534210371892 0.001116580460571 0.001696316790742 0.001087557295370 0.001529965196871 0.001973812845935 0.001217846839489 0.001529965196871 0.001906701822506 33.111628667026494 0.000492071680214 0.000610843347810 0.001767653360174 10.826436527302491 0.000610843347810 3.557120602193959 1.105796240814189 0.099969834414930 0.001633574840985 0.002693573105820 0.002137883411495 0.001539423166470 0.001782106071469 1.626681799285831 0.001539423166470 0.001545811988567 0.001788505545427 0.000867103052350 3.161412415896746 0.001304260387814 0.001980259440339 27.897096214759433 22.426111620737199 0.000830539519507 0.001321153572330 0.002006561906702 0.000853734174562 0.001321153572330 0.000830539519507 0.001080525372031 0.001414865608273 0.000848226201389 0.001080525372031 0.001364056008523 0.001017639520267 0.000322414719232 0.000406481699861 0.001259058861426 0.000382542461693 0.000406481699861 0.000934321932671 0.000322414719232 0.901426284544385 0.384981098719539 0.001964422996875 0.001539423166470 0.001087604705358 0.001269954246233 0.000590937758966 0.001087604705358 0.001092387991660 0.001274779950950 0.000590937758966 0.974574637447239 0.000912267137567 0.001419750688588 0.001362912726692 0.000581229629114 0.000564406246348 0.000924812584120 0.001439689893100 0.000581229629114 0.000924812584120 0.000564406246348 0.001261898236653 0.001641269895239 0.000996869449133 0.001261898236653 0.001583748752151 0.001190286218558 0.000389599024584 0.000487727114323 0.001464740884987 0.000459841305155 0.000487727114323 0.001095259462168 0.000389599024584 0.000948052796006 0.745772786002356 0.545130547454336 0.001782106071469 0.001269954246233 0.001477099392203 0.000701392239396 0.001269954246233 0.001275396811073 0.001482572429065 0.000701392239396 0.001620862757095 0.001070074994163 0.001646798011137 0.001582453953912 0.000690191780143 0.000670771838715 0.001084402304143 0.001669357866125 0.000690191780143 0.001084402304143 0.000670771838715 0.000586680877652 0.000790170068993 0.000448496677260 0.000586680877652 0.000758949202254 0.000548978327403 0.000151382324927 0.000196753737698 0.000694751374643 0.000183718775166 0.000196753737698 64.398250929105231 0.000151382324927 0.000423480795025 0.000633515775550 1.070905331235081 1.626681799285831 0.000590937758966 0.000701392239396 0.000299637683079 0.000590937758966 0.000593815402229 0.000704335144261 0.000299637683079 1.196248570766285 0.000486281593691 0.000793176882413 38.384448113552835 0.000294129742353 0.000284606843440 0.000493712890591 0.000805458729428 0.000294129742353 0.000493712890591 0.000284606843440 0.001080525372031 0.001414865608273 0.000848226201389 0.001080525372031 0.001364056008523 0.001017639520267 0.000322414719232 0.000406481699861 0.001259058861426 0.000382542461693 0.000406481699861 0.000934321932671 0.000322414719232 0.000805579767226 0.001158193138294 0.001964422996875 0.001539423166470 0.001087604705358 0.001269954246233 0.000590937758966 0.001087604705358 0.001092387991660 0.001274779950950 0.716689791333372 1.220154224409780 0.000912267137567 0.001419750688588 0.001362912726692 0.000581229629114 0.000564406246348 0.000924812584120 0.001439689893100 0.000581229629114 0.000924812584120 0.000564406246348 0.001085282707940 0.001420820799659 0.000852114806316 0.001085282707940 0.001369832505490 0.001022165066110 0.000324151951976 0.000408588756762 0.001264462500796 0.000384545632538 0.000408588756762 0.000938536645314 0.000324151951976 0.000809304813692 0.001163233670004 0.001972250473277 0.001545811988567 0.001092387991660 0.001275396811073 0.000593815402229 0.001092387991660 0.001097188795874 0.001280239738544 0.000593815402229 0.358546330091860 1.207195679163637 0.001425723003527 0.001368685190162 0.000584067838220 0.000567175857329 0.000928991532593 0.001445731998916 0.000584067838220 0.000928991532593 0.000567175857329 0.001266698425849 0.001647245180166 0.001000813696947 0.001266698425849 0.001589549060891 0.001194858373861 0.000391402326114 0.000489901501244 0.001470175747332 0.000461911624472 0.000489901501244 0.001099525440767 0.000391402326114 0.000951835468416 0.001355300067885 0.002268844695692 0.001788505545427 0.001274779950950 0.001482572429065 0.000704335144261 0.001274779950950 0.001280239738544 0.001488062354687 0.000704335144261 0.001626776083597 0.106673306737414 2.516455474942113 0.001588250311871 0.000693095483732 0.000673607319906 0.001088633024856 0.001675418219731 0.000693095483732 0.001088633024856 0.000673607319906 0.000586680877652 0.000790170068993 0.000448496677260 0.000586680877652 0.000758949202254 0.000548978327403 0.000151382324927 0.000196753737698 0.000694751374643 0.000183718775166 0.000196753737698 0.000499351938042 0.000151382324927 0.000423480795025 0.000633515775550 0.001133295646029 0.000867103052350 0.000590937758966 0.000701392239396 0.000299637683079 0.716689791333372 0.000593815402229 0.000704335144261 0.000299637683079 0.000779079861810 0.000486281593691 0.081862182368399 1.390807899767276 0.000294129742353 0.000284606843440 0.000493712890591 0.000805458729428 0.000294129742353 0.000493712890591 0.000284606843440 0.001388113507573 0.001798123503278 0.001100739123309 0.001388113507573 0.001736042673652 0.001310550970189 0.000437412000088 0.000545279785039 0.001607509010902 0.000514663891511 0.000545279785039 0.001207531643256 0.000437412000088 0.001047701043697 0.001483696721335 0.002465482485389 3.161412415896746 0.974574637447239 0.001620862757095 1.196248570766285 1.220154224409780 0.358546330091860 0.001626776083597 0.000779079861810 0.001776101888250 0.001180209268785 0.001804088371842 0.397921741785512 1.015132809240693 0.000745647436753 0.001195753871538 0.001828427984269 0.000766853315010 0.001195753871538 0.000745647436753 0.000906153030431 0.001195879757157 0.000706127520822 0.000906153030431 0.001151732669940 0.000851885804643 0.000259778041007 0.000330251256636 0.001060629618020 0.000310134297125 0.000330251256636 0.000780117537104 0.000259778041007 0.000669548032842 0.000973284022541 0.001675506996219 0.001304260387814 0.000912267137567 0.001070074994163 0.000486281593691 0.000912267137567 1.207195679163637 0.106673306737414 0.000486281593691 0.001180209268785 0.000761146501676 0.001200126275904 0.001150739747791 0.135854308380627 2.146173461698856 0.000771936395395 0.001217462666043 0.000478030873554 0.000771936395395 0.000463742107218 0.001410909828740 0.001826398477730 0.001119533619341 0.001410909828740 0.001763502823142 0.001332282183811 0.000446132598615 0.000555755678698 0.001633266317873 0.000524648048343 0.000555755678698 0.001227831615493 0.000446132598615 0.001065738842156 0.001507792019537 0.002502252399870 0.001980259440339 0.001419750688588 0.001646798011137 0.000793176882413 0.001419750688588 0.001425723003527 2.516455474942113 0.081862182368399 0.001804088371842 0.001200126275904 0.001832441386028 0.001762086661079 0.000780766007468 0.116452105821408 1.786504252513922 0.001857098992960 0.000780766007468 0.001215888940195 0.000759239252627 0.001354367962404 0.001756237776263 0.001072936171559 0.001354367962404 0.001695367900447 0.001278387384165 0.000424549403064 0.000529816678181 0.001569364611578 1.529930465869727 0.000529816678181 0.001177493480614 0.000424549403064 0.001021021387213 0.001448021588551 0.002410967060731 27.897096214759433 0.001362912726692 0.001582453953912 38.384448113552835 0.001362912726692 0.001368685190162 0.001588250311871 1.390807899767276 0.397921741785512 0.001150739747791 0.001762086661079 0.001693997486313 0.000746294683641 0.000725564729519 0.114310165653104 1.390291032604120 0.000746294683641 0.001165960567921 0.000725564729519 0.000577031140967 0.000777798464294 0.000440784516510 0.000577031140967 0.000746986840576 14.987703654822171 0.000148267135705 0.000192876538656 0.000683639476159 5.939862919892789 0.000192876538656 0.000490916559453 0.000148267135705 0.000416129316283 0.000623227328788 0.001116580460571 22.426111620737199 0.000581229629114 0.000690191780143 0.000294129742353 0.000581229629114 0.000584067838220 0.000693095483732 0.000294129742353 1.015132809240693 0.135854308380627 0.000780766007468 0.000746294683641 0.000288706433862 0.000279330482619 0.000485357081259 0.389260449186128 0.000288706433862 0.532055384710828 0.812796566290226 0.000560309335114 0.000756340071877 0.000427432027568 0.000560309335114 0.000726240828390 0.000524032126228 0.000142895087800 0.000186183542643 0.000664373655362 0.000173738074652 0.000186183542643 0.000476306721841 0.000142895087800 0.000403403751308 0.000605394365275 0.001087557295370 0.000830539519507 0.000564406246348 0.000670771838715 0.000284606843440 0.000564406246348 0.000567175857329 0.000673607319906 0.000284606843440 0.000745647436753 2.146173461698856 0.116452105821408 0.000725564729519 0.000279330482619 0.000270209659027 0.000470885595888 0.000771082148061 0.161459211120288 0.132421098308324 0.000270209659027 0.000918628450102 0.001211595979539 0.000716264183745 0.000918628450102 0.001166964421753 0.000863736140622 0.000264188288149 0.000335636577858 0.001074851579590 0.000315245191677 0.000335636577858 0.000791130813576 0.000264188288149 0.000679245690361 0.000986524110229 0.001696316790742 0.001321153572330 0.000924812584120 0.001084402304143 0.000493712890591 0.000924812584120 0.000928991532593 0.001088633024856 0.000493712890591 0.001195753871538 0.000771936395395 1.786504252513922 0.114310165653104 0.000485357081259 0.000470885595888 0.000782853452290 0.001233414645087 0.000485357081259 0.000782853452290 0.000470885595888 0.001430745630978 0.001850988379641 0.001135895408535 0.001430745630978 0.001787385784674 0.001351193490367 0.000453740921991 0.000564890401164 4.123668184072442 4.615759587815573 0.000564890401164 0.001245500482115 0.000453740921991 0.001081443573455 0.001528755194995 0.002534210371892 0.002006561906702 0.001439689893100 0.001669357866125 0.000805458729428 0.001439689893100 0.001445731998916 0.001675418219731 0.000805458729428 0.001828427984269 0.001217462666043 0.001857098992960 1.390291032604120 0.389260449186128 0.000771082148061 0.001233414645087 0.001882032479044 0.000792887703470 0.001233414645087 0.000771082148061 0.000577031140967 0.000777798464294 0.000440784516510 0.000577031140967 0.000746986840576 0.000539848907722 0.000148267135705 0.000192876538656 0.000683639476159 0.000180057191748 0.000192876538656 0.000490916559453 0.000148267135705 0.000416129316283 0.000623227328788 0.001116580460571 0.000853734174562 0.000581229629114 0.000690191780143 0.000294129742353 0.000581229629114 0.000584067838220 0.000693095483732 0.000294129742353 0.000766853315010 0.000478030873554 0.000780766007468 0.000746294683641 0.000288706433862 0.161459211120288 0.000485357081259 0.000792887703470 0.000288706433862 0.000485357081259 0.000279330482619 30.313301879454098 0.001211595979539 0.000716264183745 0.000918628450102 0.001166964421753 0.000863736140622 0.000264188288149 0.000335636577858 38.216050052568605 54.713290920970174 0.000335636577858 0.000791130813576 0.000264188288149 0.000679245690361 0.000986524110229 0.001696316790742 0.001321153572330 0.000924812584120 0.001084402304143 0.000493712890591 0.000924812584120 0.000928991532593 0.001088633024856 0.000493712890591 0.001195753871538 0.000771936395395 0.001215888940195 0.001165960567921 0.532055384710828 0.132421098308324 0.000782853452290 0.001233414645087 0.000485357081259 0.000782853452290 0.000470885595888 0.000560309335114 0.000756340071877 0.000427432027568 0.000560309335114 0.000726240828390 0.000524032126228 0.000142895087800 0.000186183542643 0.000664373655362 0.000173738074652 0.000186183542643 0.000476306721841 0.000142895087800 0.000403403751308 0.000605394365275 0.001087557295370 0.000830539519507 0.000564406246348 0.000670771838715 0.000284606843440 0.000564406246348 0.000567175857329 0.000673607319906 0.000284606843440 0.000745647436753 0.000463742107218 0.000759239252627 0.000725564729519 0.812796566290226 0.000270209659027 0.000470885595888 0.000771082148061 0.000279330482619 0.000470885595888 0.000270209659027 </Function>
    <Atom type="000" index="0" q="0.0"/>
    <Atom type="001" index="1" q="0.0"/>
    <Atom type="002" index="2" q="-1.0"/>
    <Atom type="003" index="3" q="-1.0"/>
    <Atom type="004" index="4" q="-1.0"/>
    <Atom type="005" index="5" q="0.0"/>
    <Atom type="006" index="6" q="1.0"/>
    <Atom type="007" index="7" q="0.0"/>
    <Atom type="008" index="8" q="0.0"/>
    <Atom type="009" index="9" q="0.0"/>
    <Atom type="00A" index="10" q="0.0"/>
    <Atom type="00B" index="11" q="0.0"/>
    <Atom type="00C" index="12" q="0.0"/>
    <Atom type="00D" index="13" q="1.0"/>
    <Atom type="00E" index="14" q="0.0"/>
    <Atom type="00F" index="15" q="0.0"/>
    <Atom type="00G" index="16" q="0.0"/>
    <Atom type="00H" index="17" q="0.0"/>
    <Atom type="00I" index="18" q="0.0"/>
    <Atom type="00J" index="19" q="0.0"/>
    <Atom type="00K" index="20" q="0.0"/>
    <Atom type="00L" index="21" q="0.0"/>
    <Atom type="00M" index="22" q="0.0"/>
    <Atom type="00N" index="23" q="1.0"/>
    <Atom type="00O" index="24" q="0.0"/>
    <Atom type="00P" index="25" q="0.0"/>
    <Atom type="00Q" index="26" q="0.0"/>
    <Atom type="00R" index="27" q="0.0"/>
    <Atom type="00S" index="28" q="1.0"/>
    <Atom type="00T" index="29" q="1.0"/>
    <Atom type="00U" index="30" q="-1.0"/>
    <Atom type="00V" index="31" q="1.0"/>
    <Atom type="00W" index="32" q="0.0"/>
    <Atom type="00X" index="33" q="0.0"/>
    <Atom type="00Y" index="34" q="0.0"/>
  </CustomNonbondedForce>

</ForceField>